{"cameraMode":{"drawMode":0,"name":"Shaded","section":"Shading Mode"},"sceneLighting":false,"audioPlay":false,"sceneViewState":{"showFog":false,"showMaterialUpdate":false,"showSkybox":false,"showFlares":false,"showImageEffects":false,"showParticleSystems":false},"in2DMode":false,"pivot":{"x":63.04426574707031,"y":3.2541086673736574,"z":-1.8264318704605103},"rotation":{"x":-0.0008586598560214043,"y":-0.8216010928153992,"z":0.001229459187015891,"w":-0.5700867772102356},"size":247.2635955810547,"orthographic":false}