{"cameraMode":{"drawMode":0,"name":"Shaded","section":"Shading Mode"},"sceneLighting":false,"audioPlay":false,"sceneViewState":{"showFog":false,"showMaterialUpdate":false,"showSkybox":false,"showFlares":false,"showImageEffects":false,"showParticleSystems":false},"in2DMode":false,"pivot":{"x":0.16399997472763062,"y":0.8569999933242798,"z":-0.30699992179870608},"rotation":{"x":0.003496722551062703,"y":-0.629106342792511,"z":0.002832041820511222,"w":0.777327835559845},"size":5.366940498352051,"orthographic":false}