{"cameraMode":{"drawMode":0,"name":"Shaded","section":"Shading Mode"},"sceneLighting":true,"audioPlay":false,"sceneViewState":{"showFog":true,"showMaterialUpdate":true,"showSkybox":false,"showFlares":true,"showImageEffects":true,"showParticleSystems":true},"in2DMode":false,"pivot":{"x":-3.380228281021118,"y":11.5032377243042,"z":0.22183188796043397},"rotation":{"x":-0.01670907251536846,"y":-0.4653162658214569,"z":-0.005434420891106129,"w":-0.884976863861084},"size":0.14656907320022584,"orthographic":false}