{"cameraMode":{"drawMode":0,"name":"Shaded","section":"Shading Mode"},"sceneLighting":false,"audioPlay":false,"sceneViewState":{"showFog":true,"showMaterialUpdate":true,"showSkybox":false,"showFlares":true,"showImageEffects":true,"showParticleSystems":true},"in2DMode":false,"pivot":{"x":2.9196794033050539,"y":13.798120498657227,"z":-1.2508764266967774},"rotation":{"x":-0.2334323227405548,"y":-0.15728509426116944,"z":0.03827852010726929,"w":-0.9588224291801453},"size":9.000676155090332,"orthographic":false}