{"cameraMode":{"drawMode":0,"name":"Shaded","section":"Shading Mode"},"sceneLighting":false,"audioPlay":false,"sceneViewState":{"showFog":false,"showMaterialUpdate":false,"showSkybox":false,"showFlares":false,"showImageEffects":false,"showParticleSystems":true},"in2DMode":false,"pivot":{"x":-2.6109390258789064,"y":-2.4240124225616457,"z":-5.121994972229004},"rotation":{"x":0.03968285769224167,"y":-0.9581132531166077,"z":0.16573654115200044,"w":0.2301701158285141},"size":10.0,"orthographic":false}