{"cameraMode":{"drawMode":0,"name":"Shaded","section":"Shading Mode"},"sceneLighting":false,"audioPlay":false,"sceneViewState":{"showFog":false,"showMaterialUpdate":false,"showSkybox":false,"showFlares":false,"showImageEffects":false,"showParticleSystems":true},"in2DMode":false,"pivot":{"x":11.70402717590332,"y":-4.3875532150268559,"z":0.3737463355064392},"rotation":{"x":0.1580672562122345,"y":0.6706463694572449,"z":-0.14948344230651856,"w":0.7091569304466248},"size":18.407169342041017,"orthographic":false}