{"cameraMode":{"drawMode":0,"name":"Shaded","section":"Shading Mode"},"sceneLighting":false,"audioPlay":false,"sceneViewState":{"showFog":true,"showMaterialUpdate":true,"showSkybox":false,"showFlares":true,"showImageEffects":true,"showParticleSystems":true},"in2DMode":false,"pivot":{"x":6.23153018951416,"y":12.398859977722168,"z":-3.142038583755493},"rotation":{"x":-0.23564226925373078,"y":-0.08499761670827866,"z":0.02068316750228405,"w":-0.9679057002067566},"size":3.9115793704986574,"orthographic":false}