{"cameraMode":{"drawMode":0,"name":"Shaded","section":"Shading Mode"},"sceneLighting":false,"audioPlay":false,"sceneViewState":{"showFog":true,"showMaterialUpdate":true,"showSkybox":false,"showFlares":true,"showImageEffects":true,"showParticleSystems":true},"in2DMode":false,"pivot":{"x":2.6723031997680666,"y":-4.331470012664795,"z":-7.980941295623779},"rotation":{"x":-0.04002847522497177,"y":-0.9597233533859253,"z":0.20787931978702546,"w":-0.18477796018123628},"size":21.77815055847168,"orthographic":false}